1490306.0596166311	0
1490400.2303084803	1
1490492.172849777	2
1490580.6726238963	3
1490671.3061410738	0
1490765.476436512	1
1490857.4171164157	2
1490945.916231818	3
1491036.542266861	0
1491130.7157129257	1
1491222.659733759	2
1491311.157467557	3
1491401.785187361	0
1491495.964494208	1
1491587.9050807743	2
1491676.401868467	3
1491767.0352024573	0
1491861.2116456109	1
1491953.1504598032	2
1492041.6469431112	3
1492132.2748931737	0
1492226.4457210635	1
1492318.3942977714	2
1492406.890823531	3
1492497.517138723	0
1492591.6927319716	1
1492683.6435031698	2
1492772.1353127996	3
1492862.7608967754	0
1492956.9377356654	1
1493048.88591329	2
1493137.3804118857	3
1493228.003553749	0
1493322.1765157196	1
1493414.1246761594	2
1493502.6273787038	3
1493593.249849128	0
1493687.4216620561	1
1493779.37008289	2
1493867.8710935814	3
1493958.4891493479	0
1494052.6593162292	1
1494144.612541381	2
1494233.1101684587	3
1494323.7315954305	0
1494417.9040972667	1
1494509.8551984646	2
1494598.352026194	3
1494688.9793563457	0
1494783.1496929417	1
1494875.0969781023	2
1494963.5968034954	3
1495054.2166133756	0
1495148.3817894189	1
1495240.3349065143	2
1495328.837251614	3
1495419.4542289567	0
1495513.6263768717	1
1495605.578778981	2
1495694.0764384354	3
1495784.6958070833	0
1495878.8703973792	1
1495970.8196260282	2
1496059.3170120313	3
1496149.9367450466	0
1496244.1056466855	1
1496336.0574624706	2
1496424.5576512697	3
1496515.178143776	0
1496609.348536421	1
1496701.3047513189	2
1496789.8010566456	3
1496880.4154512796	0
1496974.586705369	1
1497066.548080429	2
1497155.043353267	3
1497245.6554738495	0
1497339.8301531915	1
1497431.78988599	2
1497520.2892266503	3
1497610.904191416	0
1497705.077767304	1
1497797.0342952814	2
1497885.5393352865	3
1497976.147032162	0
1498070.311501744	1
1498162.274321866	2
1498250.781572852	3
1498341.390612449	0
1498435.5581138947	1
1498527.522456152	2
1498616.023638625	3
1498706.638835541	0
1498800.8070264014	1
1498892.767304289	2
1498981.2681556444	3
1499071.8838630982	0
1499166.046019979	1
1499258.0054099725	2
1499346.5116913742	3
1499437.127040797	0
1499531.2934773937	1
1499623.2534115512	2
1499711.7570695146	3
1499802.3665432753	0
1499896.536270029	1
1499988.496926	2
1500076.9980903317	3
1500167.6073292424	0
1500261.7799283746	1
1500353.7386782123	2
1500442.2390985724	3
1500532.8538482387	0
1500627.0267205706	1
1500718.9862752105	2
1500807.4857570515	3
1500898.093042299	0
1500992.2578922166	1
1501084.2262637548	2
1501172.725645567	3
1501263.3297559868	0
1501357.4994995128	1
1501449.4717768056	2
1501537.9681209014	3
1501628.572032061	0
1501722.7443185512	1
1501814.7130786206	2
1501903.2135942688	3
1501993.8137944336	0
1502087.977524448	1
1502179.9458516072	2
1502268.455371518	3
1502359.0556800368	0
1502453.2198479332	1
1502545.1913625041	2
1502633.697785374	3
1502724.296313813	0
1502818.4600338317	1
1502910.4336961342	2
1502998.9375134257	3
1503089.538606278	0
1503183.7014302236	1
1503275.6723498544	2
1503364.177446949	3
1503454.7842204168	0
1503548.948702226	1
1503640.9176605858	2
1503729.425597363	3
1503820.0253146694	0
1503914.1839946012	1
1504006.15633014	2
1504094.6664808532	3
1504185.2639550008	0
1504279.428584776	1
1504371.4009171904	2
1504459.9062649545	3
1504550.5085405179	0
1504644.6784064323	1
1504736.6475806665	2
1504825.1516332254	3
1504915.7542338467	0
1505009.9154475802	1
1505101.8863473013	2
1505190.392810177	3
1505280.9951878616	0
1505375.1597517733	1
1505467.137104449	2
1505555.6381628322	3
1505646.2355052305	0
1505740.4038812753	1
1505832.3841080917	2
1505920.8849928014	3
1506011.4783675976	0
1506105.6462216182	1
1506197.6238185107	2
1506286.1290674265	3
1506376.7242711885	0
1506470.8934852832	1
1506562.870774139	2
1506651.380333332	3
1506741.969218949	0
1506836.1289577063	1
1506928.1118007945	2
1507016.6224603783	3
1507107.210487967	0
1507201.3702609856	1
1507293.3548382947	2
1507381.8601996116	3
1507472.4547130198	0
1507566.6182435208	1
1507658.5998264046	2
1507747.1067734032	3
1507837.700839736	0
1507931.8544601167	1
1508023.8332580316	2
1508112.346268816	3
1508202.9385448259	0
1508297.0963972209	1
1508389.0773110234	2
1508477.587313271	3
1508568.1767455314	0
1508662.3407422937	1
1508754.3211567868	2
1508842.8290715667	3
1508933.4179597937	0
1509027.58032042	1
1509119.5579648698	2
1509208.065207696	3
1509298.659668637	0
1509392.8244753415	1
1509484.8056713778	2
1509573.3118534032	3
1509663.9001585268	0
1509758.0587631143	1
1509850.0472608546	2
1509938.5536836786	3
1510029.1374007696	0
1510123.2982620362	1
1510215.2890598495	2
1510303.7934534594	3
1510394.3787025493	0
1510488.5459508763	1
1510580.534752314	2
1510669.043405649	3
1510759.6261026314	0
1510853.7828238767	1
1510945.769433336	2
1511034.2855321346	3
1511124.8677209532	0
1511219.0242740572	1
1511311.015847495	2
1511399.5274566836	3
1511490.1101690559	0
1511584.2708484659	1
1511676.264234472	2
1511764.7728123935	3
1511855.3567197628	0
1511949.513609783	1
1512041.502387043	2
1512130.0128596562	3
1512220.6009531377	0
1512314.7611382587	1
1512406.7507233303	2
1512495.263149234	3
1512585.8436990876	0
1512680.0007618694	1
1512771.9931832987	2
1512860.5073222842	3
1512951.0842043571	0
1513045.2431165564	1
1513137.2353846189	2
1513225.745545791	3
1513316.3267586203	0
1513410.491871132	1
1513502.4838473687	2
1513590.9924968777	3
1513681.574234992	0
1513775.729019347	1
1513867.7212404243	2
1513956.233661585	3
1514046.8134934332	0
1514140.9683139792	1
1514232.9670590295	2
1514321.4748876502	3
1514412.0505703802	0
1514506.2127768372	1
1514598.2140228886	2
1514686.7225066647	3
1514777.295022914	0
1514871.4532699592	1
1514963.4486791329	2
1515051.9626352363	3
1515142.53708635	0
1515236.6956558498	1
1515328.692772861	2
1515417.2096458746	3
1515507.7797304774	0
1515601.9326769616	1
1515693.9349607877	2
1515782.4519237904	3
1515873.0216956441	0
1515967.17193864	1
1516059.1741175249	2
1516147.6860377323	3
1516238.2620338798	0
1516332.418776198	1
1516424.4198591246	2
1516512.9326290635	3
1516603.5087899882	0
1516697.6575188243	1
1516789.6548512212	2
1516878.174243101	3
1516968.7468843854	0
1517062.8972013723	1
1517154.8970312404	2
1517243.4123883797	3
1517333.9830833788	0
1517428.1437199244	1
1517520.1451488105	2
1517608.6579714986	3
1517699.2293533068	0
1517793.386490815	1
1517885.38355175	2
1517973.8959378854	3
1518064.470808457	0
1518158.628765415	1
1518250.631321882	2
1518339.1426711308	3
1518429.7115593583	0
1518523.868072248	1
1518615.8792068635	2
1518704.391204446	3
1518794.9537881364	0
1518889.108876438	1
1518981.1196257428	2
1519069.6305707123	3
1519160.1943381268	0
1519254.3558291215	1
1519346.3665337954	2
1519434.8827164927	3
1519525.4456595997	0
1519619.596650446	1
1519711.604618917	2
1519800.1281123848	3
1519890.6895705555	0
1519984.8358887255	1
1520076.8480139119	2
1520165.36626844	3
1520255.9296107262	0
1520350.0831534455	1
1520442.0976757796	2
1520530.613295074	3
1520621.1788000136	0
1520715.3276179899	1
1520807.3342237489	2
1520895.8527236346	3
1520986.4206626338	0
1521080.5701985192	1
1521172.577435098	2
1521261.097760731	3
1521351.6593391227	0
1521445.8106021113	1
1521537.8221468613	2
1521626.3425090192	3
1521716.901137093	0
1521811.0520907561	1
1521903.060466346	2
1521991.5757541736	3
1522082.1391200668	0
1522176.2961918318	1
1522268.3068705294	2
1522356.8203582603	3
1522447.3844369077	0
1522541.5343807978	1
1522633.5461940907	2
1522722.0631292078	3
1522812.6228727605	0
1522906.7701359112	1
1522998.7877567417	2
1523087.30036269	3
1523177.8557837016	0
1523272.0134456821	1
1523364.0352629873	2
1523452.548869481	3
1523543.1020712843	0
1523637.2559726508	1
1523729.270473932	2
1523817.7907483443	3
1523908.3448931407	0
1524002.4952935323	1
1524094.512828056	2
1524183.035189834	3
1524273.584938004	0
1524367.7339739776	1
1524459.7594008571	2
1524548.2807473086	3
1524638.831221996	0
1524732.976672659	1
1524824.9991120163	2
1524913.51757027	3
1525004.0729262969	0
1525098.2222615161	1
1525190.2445697961	2
1525278.764765299	3
1525369.3202214024	0
1525463.4650348723	1
1525555.4846273088	2
1525644.0118369842	3
1525734.5638852692	0
1525828.7066124985	1
1525920.7267398085	2
1526009.2492641313	3
1526099.7999430627	0
1526193.9534259988	1
1526285.9766631967	2
1526374.4961355147	3
1526465.0495637122	0
1526559.200245055	1
1526651.2177731649	2
1526739.7379947433	3
1526830.293584173	0
1526924.4405480495	1
1527016.4627877213	2
1527104.9816748693	3
1527195.5306643392	0
1527289.6802749985	1
1527381.7120190477	2
1527470.2309037268	3
1527560.7756390516	0
1527654.9240697555	1
1527746.95148006	2
1527835.4702963356	3
1527926.0153476612	0
1528020.1668846405	1
1528112.1942364976	2
1528200.7170064608	3
1528291.2616676704	0
1528385.4068180856	1
1528477.4342170164	2
1528565.9627267723	3
1528656.506159216	0
1528750.6448799504	1
1528842.6745455593	2
1528931.1964919993	3
1529021.7406901962	0
1529115.8872510432	1
1529207.9207299699	2
1529296.4407936693	3
1529386.987455304	0
1529481.1324118185	1
1529573.158301894	2
1529661.6823970312	3
1529752.2289379742	0
1529846.3708178175	1
1529938.3969738765	2
1530026.9225796917	3
1530117.462439969	0
1530211.6092117378	1
1530303.6431982603	2
1530392.1685521633	3
1530482.706891237	0
1530576.8532614363	1
1530668.882415894	2
1530757.403589702	3
1530847.9459112566	0
1530942.0940932203	1
1531034.126060917	2
1531122.6467411453	3
1531213.1901053363	0
1531307.3341852603	1
1531399.370047691	2
1531487.8943000536	3
1531578.43367606	0
1531672.5739695139	1
1531764.61247792	2
1531853.1331261187	3
1531943.6683318508	0
1532037.8174464263	1
1532129.8597482222	2
1532218.3825388942	3
1532308.917150443	0
1532403.06500107	1
1532495.1002810241	2
1532583.6296560976	3
1532674.1655749124	0
1532768.3060690048	1
1532860.3423953447	2
1532948.8723991096	3
1533039.4047516026	0
1533133.5459622778	1
1533225.5918273854	2
1533314.1196650742	3
1533404.6540364188	0
1533498.7942694814	1
1533590.834168832	2
1533679.3591911064	3
1533769.897131923	0
1533864.038061859	1
1533956.076610053	2
1534044.603479585	3
1534135.1403518969	0
1534229.2801885863	1
1534321.3189203811	2
1534409.850798747	3
1534500.384606629	0
1534594.522652962	1
1534686.5599906407	2
1534775.0865047749	3
1534865.6182314022	0
1534959.7643982847	1
1535051.8056859507	2
1535140.3286194273	3
1535230.862557094	0
1535325.0089807557	1
1535417.0472412077	2
1535505.5712797814	3
1535596.106318607	0
1535690.2465577107	1
1535782.2887526671	2
1535870.811755887	3
1535961.3375033697	0
1536055.4804834118	1
1536147.5340628393	2
1536236.057915559	3
1536326.5803357358	0
1536420.7247225447	1
1536512.7733351665	2
1536601.299810197	3
1536691.8226690788	0
1536785.9642747983	1
1536878.0118081598	2
1536966.5424142785	3
1537057.065148515	0
1537151.201824091	1
1537243.2527783778	2
1537331.7882900997	3
1537422.312703448	0
1537516.44409892	1
1537608.4948993898	2
1537697.024501915	3
1537787.5492728034	0
1537881.6856180266	1
1537973.7387832657	2
1538062.2672589947	3
1538152.7949123594	0
1538246.933455954	1
1538338.9805223742	2
1538427.5135927883	3
1538518.0422002235	0
1538612.1766409825	1
1538704.221632979	2
1538792.75542075	3
1538883.276619583	0
1538977.4154644788	1
1539069.468840188	2
1539158.001114399	3
1539248.5229637148	0
1539342.6654093484	1
1539434.7143423075	2
1539523.2425886802	3
1539613.7682301959	0
1539707.9085985888	1
1539799.9585375474	2
1539888.4852944838	3
1539979.0100175282	0
1540073.1476686904	1
1540165.2041516853	2
1540253.7343481828	3
1540344.2556910655	0
1540438.3920777522	1
1540530.4492738564	2
1540618.975997131	3
1540709.491706616	0
1540803.6330856746	1
1540895.6922357406	2
1540984.221303065	3
1541074.736612028	0
1541168.8788049296	1
1541260.9341336123	2
1541349.4685311078	3
1541439.9855786772	0
1541534.1195133964	1
1541626.1746129422	2
1541714.7085514623	3
1541805.2206430202	0
1541899.353580007	1
1541991.4193253666	2
1542079.9518200527	3
1542170.465320182	0
1542264.6004848303	1
1542356.661286515	2
1542445.1921322194	3
1542535.7087813574	0
1542629.841673404	1
1542721.8990963292	2
1542810.4329057264	3
1542900.9476041452	0
1542995.0784172947	1
1543087.1384882543	2
1543175.6774226746	3
1543266.1905481312	0
1543360.322300826	1
1543452.3808204592	2
1543540.9143629754	3
1543631.4262979776	0
1543725.5622474712	1
1543817.6228028727	2
1543906.153287994	3
1543996.6679266542	0
1544090.8056201912	1
1544182.8658624208	2
1544271.3974665967	3
1544361.9143114805	0
1544456.0474513501	1
1544548.109267198	2
1544636.640331504	3
1544727.147350834	0
1544821.2816715408	1
1544913.3540021575	2
1545001.886208946	3
1545092.3902102557	0
1545186.5300466556	1
1545278.5983739386	2
1545367.1323455947	3
1545457.638378346	0
1545551.7740955448	1
1545643.8394618144	2
1545732.3770594748	3
1545822.881987763	0
1545917.0110160126	1
1546009.0820950589	2
1546097.6231645606	3
1546188.1300176382	0
1546282.2579436887	1
1546374.3293063047	2
1546462.8645749704	3
1546553.3714785452	0
1546647.501687516	1
1546739.5725894212	2
1546828.1068299937	3
1546918.6148421266	0
1547012.7474703917	1
1547104.814447398	2
1547193.3533260436	3
1547283.8629671303	0
1547377.9934592796	1
1547470.0583060952	2
1547558.5974248983	3
1547649.0976917276	0
1547743.2287082393	1
1547835.3014167382	2
1547923.8380848754	3
1548014.338906047	0
1548108.4757974497	1
1548200.5468399934	2
1548289.080091721	3
1548379.5860515535	0
1548473.7189723807	1
1548565.7892198241	2
1548654.3220746133	3
1548744.8242765781	0
1548838.9513129506	1
1548931.029226318	2
1549019.5665350438	3
1549110.0657113905	0
1549204.195111417	1
1549296.2741952871	2
1549384.809292662	3
1549475.3040303579	0
1549569.435435631	1
1549661.5129924389	2
1549750.050825916	3
1549840.5456880017	0
1549934.6762968793	1
1550026.751443874	2
1550115.2947842218	3
1550205.7940880351	0
1550299.9195860974	1
1550391.994646312	2
1550480.5365462867	3
1550571.0306515875	0
1550665.1536033088	1
1550757.2365283938	2
1550845.7760148686	3
1550936.2717894618	0
1551030.400807577	1
1551122.480492143	2
1551211.0186339754	3
1551301.5188044305	0
1551395.6471444732	1
1551487.7218098396	2
1551576.2625994259	3
1551666.7583737108	0
1551760.8820681823	1
1551852.9607199964	2
1551941.5059298098	3
1552032.000443463	0
1552126.1290860425	1
1552218.2089189508	2
1552306.7474183787	3
1552397.2418244167	0
1552491.3730596812	1
1552583.452837725	2
1552671.9884461532	3
1552762.4843637333	0
1552856.6147284978	1
1552948.6963698438	2
1553037.2338713265	3
1553127.7309475767	0
1553221.8598406636	1
1553313.9439478773	2
1553402.481059521	3
1553492.967586135	0
1553587.0953812555	1
1553679.1872562433	2
1553767.7265870722	3
1553858.2097099456	0
1553952.3422223597	1
1554044.4312457296	2
1554132.9724674546	3
1554223.4595155597	0
1554317.588664405	1
1554409.673953777	2
1554498.2186935833	3
1554588.7038873194	0
1554682.8220765148	1
1554774.9128555404	2
1554863.4604203945	3
1554953.9469876867	0
1555048.067238808	1
1555140.159911221	2
1555228.7014544858	3
1555319.189507157	0
1555413.3120802739	1
1555505.4006779462	2
1555593.942707187	3
1555684.4305618391	0
1555778.5520214878	1
1555870.637247018	2
1555959.1844012365	3
1556049.6740898006	0
1556143.7973090475	1
1556235.8816450138	2
1556324.427782778	3
1556414.9099956572	0
1556509.0329577392	1
1556601.12272376	2
1556689.6656769202	3
1556780.1482049718	0
1556874.2766230602	1
1556966.366178162	2
1557054.905129577	3
1557145.393629361	0
1557239.5216959773	1
1557331.6111803604	2
1557420.1503357412	3
1557510.6331035788	0
1557604.7526766197	1
1557696.8493317033	2
1557785.3925644467	3
1557875.8709637641	0
1557969.9956104164	1
1558062.0957934752	2
1558150.6369601476	3
1558241.1131371157	0
1558335.2408082779	1
1558427.3378144328	2
1558515.882050582	3
1558606.3570999333	0
1558700.479016159	1
1558792.5747464958	2
1558881.1243356357	3
1558971.604201589	0
1559065.7243396763	1
1559157.8233314434	2
1559246.3710977514	3
1559336.8461182048	0
1559430.962954067	1
1559523.0665086913	2
1559611.6124505238	3
1559702.0877633134	0
1559796.2087556997	1
1559888.3090918765	2
1559976.8555915589	3
1560067.3365710303	0
1560161.4593656298	1
1560253.5551343854	2
1560342.1044360744	3
1560432.5800811322	0
1560526.6950362169	1
1560618.7932415456	2
1560707.3458647754	3
1560797.8204095415	0
1560891.9407045268	1
1560984.0415613824	2
1561072.587186557	3
1561163.0636986787	0
1561257.1880528266	1
1561349.2872777234	2
1561437.8303650783	3
1561528.306944672	0
1561622.4258119364	1
1561714.525634244	2
1561803.0714360904	3
1561893.5488186877	0
1561987.6693081649	1
1562079.7736797505	2
1562168.3186096295	3
1562258.7865908856	0
1562352.9071100445	1
1562445.0153014746	2
1562533.5619882196	3
1562624.0260728165	0
1562718.148748299	1
1562810.2541168174	2
1562898.8029053754	3
1562989.2723916715	0
1563083.3948403674	1
1563175.4988228888	2
1563264.0492827403	3
1563354.5166282218	0
1563448.6269535734	1
1563540.735388938	2
1563629.2877758404	3
1563719.7555058359	0
1563813.8685784258	1
1563905.9803273128	2
1563994.5267857742	3
1564084.9962935895	0
1564179.1154149724	1
1564271.2230578887	2
1564359.7707735053	3
1564450.2389400222	0
1564544.3531524953	1
1564636.4576202012	2
1564725.0107165712	3
1564815.478982868	0
1564909.5963790137	1
1565001.703651067	2
1565090.254685676	3
1565180.7173654689	0
1565274.836272763	1
1565366.9476378001	2
1565455.4968369307	3
1565545.9591146219	0
1565640.0784638205	1
1565732.189418893	2
1565820.7358751944	3
1565911.2041602037	0
1566005.3257394207	1
1566097.4387370737	2
1566185.9861395387	3
1566276.4492011128	0
1566370.561425261	1
1566462.6787873912	2
1566551.2310648463	3
1566641.688792228	0
1566735.8041415182	1
1566827.9244165914	2
1566916.4750501073	3
1567006.9326931464	0
1567101.0540559336	1
1567193.1706717184	2
1567281.7241910538	3
1567372.18197747	0
1567466.2933607968	1
1567558.4070874657	2
1567646.9647744724	3
1567737.4266028712	0
1567831.5371824985	1
1567923.6555161718	2
1568012.209673592	3
1568102.668415408	0
1568196.7800236263	1
1568288.9007067215	2
1568377.4535407696	3
1568467.9107881463	0
1568562.022935685	1
1568654.1388051219	2
1568742.6917950197	3
1568833.1538251983	0
1568927.270521589	1
1569019.3848787085	2
1569107.9399051361	3
1569198.3971832572	0
1569292.5065903554	1
1569384.6224860146	2
1569473.179612835	3
1569563.6341269312	0
1569657.7459903138	1
1569749.8655250992	2
1569838.4155592502	3
1569928.872976845	0
1570022.9924707017	1
1570115.1129279153	2
1570203.6602804742	3
1570294.1167360425	0
1570388.227858953	1
1570480.3476875336	2
1570568.8987798346	3
1570659.3540344131	0
1570753.4663561822	1
1570845.59311716	2
1570934.144803777	3
1571024.591290219	0
1571118.7067829145	1
1571210.8365957101	2
1571299.391121432	3
1571389.8336723845	0
1571483.9467800292	1
1571576.072232191	2
1571664.6297406342	3
1571755.0791077078	0
1571849.1923673288	1
1571941.31923418	2
1572029.8781739813	3
1572120.3267019936	0
1572214.4296263251	1
1572306.559355668	2
1572395.120493316	3
1572485.5685528154	0
1572579.6714668106	1
1572671.802504125	2
1572760.3589869172	3
1572850.8099980862	0
1572944.9223783147	1
1573037.050325424	2
1573125.6076622438	3
1573216.0586473534	0
1573310.1648443264	1
1573402.286611094	2
1573490.848955735	3
1573581.3000054294	0
1573675.407922368	1
1573767.5336437142	2
1573856.0924190073	3
1573946.5391557668	0
1574040.6532759364	1
1574132.783261571	2
1574221.3382074207	3
1574311.784256867	0
1574405.896145314	1
1574498.0239124899	2
1574586.5761874218	3
1574677.0267348276	0
1574771.1410467296	1
1574863.2732270246	2
1574951.82610614	3
1575042.2704005567	0
1575136.3782962933	1
1575228.5145105415	2
1575317.0726776149	3
1575407.5100698438	0
1575501.6173985153	1
1575593.7550445157	2
1575682.311459051	3
1575772.7489161592	0
1575866.8637790885	1
1575959.0004191145	2
1576047.5588012547	3
1576137.9982154062	0
1576232.1023077632	1
1576324.235533103	2
1576412.798413765	3
1576503.239269657	0
1576597.339346343	1
1576689.4779515923	2
1576778.037295439	3
1576868.4750757013	0
1576962.5814077165	1
1577054.7233978952	2
1577143.2826551166	3
1577233.7194536803	0
1577327.8236270254	1
1577419.9582752513	2
1577508.5188730021	3
1577598.9593628973	0
1577693.0666946182	1
1577785.2019701058	2
1577873.7649989144	3
1577964.201859641	0
1578058.3053298637	1
1578150.4430835415	2
1578239.0083334176	3
1578329.442501121	0
1578423.5446557081	1
1578515.6842207198	2
1578604.242466423	3
1578694.680373024	0
1578788.7913882036	1
1578880.933432326	2
1578969.4896722422	3
1579059.928826335	0
1579154.032490603	1
1579246.1722418792	2
1579334.73332687	3
1579425.169476825	0
1579519.2715332864	1
1579611.4166462712	2
1579699.9773469744	3
1579790.4062600073	0
1579884.5166930244	1
1579976.665815737	2
1580065.228364025	3
1580155.655339493	0
1580249.761967391	1
1580341.9042735836	2
1580430.468432309	3
1580520.9012474308	0
1580615.0057069957	1
1580707.1513305844	2
1580795.7161088914	3
1580886.1476218377	0
1580980.2466135472	1
1581072.3966962318	2
1581160.9627150323	3
1581251.3920700375	0
1581345.488570127	1
1581437.6373013076	2
1581526.19911965	3
1581616.6304433204	0
1581710.7363815447	1
1581802.8842454252	2
1581891.4471006782	3
1581981.8782209842	0
1582075.9788652086	1
1582168.1206082047	2
1582256.688879744	3
1582347.118341326	0
1582441.2165810529	1
1582533.3620427954	2
1582621.9269197653	3
1582712.3525313416	0
1582806.4590267707	1
1582898.6107593079	2
1582987.1715087031	3
1583077.5976452194	0
1583171.7014761197	1
1583263.8486800164	2
1583352.4084984718	3
1583442.8380438571	0
1583536.9405943174	1
1583629.0924698438	2
1583717.6542480143	3
1583808.076798172	0
1583902.177468819	1
1583994.3351969188	2
1584082.9021131813	3
1584173.318923013	0
1584267.4171174988	1
1584359.5727856979	2
1584448.1386707495	3
1584538.5568530282	0
1584632.6606728747	1
1584724.8169144883	2
1584813.3843241013	3
1584903.8065246812	0
1584997.9022953184	1
1585090.0553870292	2
1585178.6269326634	3
1585269.0507541976	0
1585363.1405844425	1
1585455.2969831477	2
1585543.8645640195	3
1585634.285373688	0
1585728.3849349816	1
1585820.5455772693	2
1585909.1119305112	3
1585999.5330657554	0
1586093.6328012634	1
1586185.7845102272	2
1586274.3527008533	3
1586364.7762589143	0
1586458.8757183738	1
1586551.0284707113	2
1586639.5977933428	3
1586730.0166699695	0
1586824.1166511725	1
1586916.2756413661	2
1587004.8454164527	3
1587095.262407712	0
1587189.3604193197	1
1587281.519263648	2
1587370.0819559454	3
1587460.500666611	0
1587554.6043367393	1
1587646.7669384563	2
1587735.3285268561	3
1587825.747839081	0
1587919.8468934945	1
1588012.0092590796	2
1588100.5773588603	3
1588190.9916492635	0
1588285.0850761898	1
1588377.2501578848	2
1588465.818111731	3
1588556.2249640687	0
1588650.3268579016	1
1588742.4965968032	2
1588831.0670148293	3
1588921.47483389	0
1589015.5733924278	1
1589107.735311166	2
1589196.3077402518	3
1589286.7206783108	0
1589380.8125472202	1
1589472.9767169373	2
1589561.5493306448	3
1589651.960532041	0
1589746.0507953875	1
1589838.2215871483	2
1589926.7951875268	3
1590017.2053241958	0
1590111.2941030613	1
1590203.460301436	2
1590292.0304781185	3
1590382.4418665734	0
1590476.5367633332	1
1590568.7018135593	2
1590657.2734513346	3
1590747.6858859244	0
1590841.7790079955	1
1590933.9409079684	2
1591022.5173070044	3
1591112.9285494082	0
1591207.0176558285	1
1591299.1812419656	2
1591387.7523271295	3
1591478.1600035427	0
1591572.2578554403	1
1591664.429063356	2
1591752.9962342482	3
1591843.4056763093	0
1591937.5039661606	1
1592029.6710984495	2
1592118.237941682	3
1592208.6489614313	0
1592302.7429600158	1
1592394.9133720975	2
1592483.4827481336	3
1592573.8855736211	0
1592667.9807279622	1
1592760.1596097006	2
1592848.7333074454	3
1592939.1315787078	0
1593033.225828524	1
1593125.400677171	2
1593213.9737352002	3
1593304.3734312707	0
1593398.4686610056	1
1593490.6447974571	2
1593579.2189819997	3
1593669.6218905107	0
1593763.7113793264	1
1593855.8876117284	2
1593944.4655722566	3
1594034.8699291896	0
1594128.9531051377	1
1594221.1298790625	2
1594309.705100232	3
1594400.1055942792	0
1594494.195959322	1
1594586.3763628744	2
1594674.9512696937	3
1594765.352624377	0
1594859.4457225425	1
1594951.6177869337	2
1595040.1950384164	3
1595130.599357578	0
1595224.6883577304	1
1595316.8590318412	2
1595405.4370126785	3
1595495.8359762356	0
1595589.9260103167	1
1595682.1051549837	2
1595770.6821188186	3
1595861.0810429226	0
1595955.171605861	1
1596047.3488986874	2
1596135.9194995686	3
1596226.31993604	0
1596320.4119080205	1
1596412.5916866628	2
1596501.161330466	3
1596591.5613364743	0
1596685.651362281	1
1596777.8332458152	2
1596866.4088907384	3
1596956.8049420484	0
1597050.891080835	1
1597143.0731783058	2
1597231.6487918291	3
1597322.0371294008	0
1597416.1290161097	1
1597508.3154813345	2
1597596.8925260636	3
1597687.2827595517	0
1597781.3747063347	1
1597873.5563414847	2
1597962.134929544	3
1598052.5309170468	0
1598146.6146108992	1
1598238.7967595686	2
1598327.375043054	3
1598417.7669274088	0
1598511.8497913023	1
1598604.0404649465	2
1598692.6199393484	3
1598783.0114135076	0
1598877.0970243139	1
1598969.2833287949	2
1599057.860100541	3
1599148.251585603	0
1599242.3393361254	1
1599334.5232151516	2
1599423.1014650266	3
1599513.4934623553	0
1599607.5804838485	1
1599699.765342118	2
1599788.3486924567	3
1599878.7402954835	0
1599972.8240055512	1
1600065.009456193	2
1600153.5875812422	3
1600243.974938321	0
1600338.0635662563	1
1600430.2556787839	2
1600518.830906044	3
1600609.2206433294	0
1600703.311735294	1
1600795.501745755	2
1600884.077800163	3
1600974.46931196	0
1601068.5546185088	1
1601160.7447368356	2
1601249.323954602	3
1601339.706085584	0
1601433.790734002	1
1601525.9890868946	2
1601614.572818598	3
1601704.952411222	0
1601799.039022044	1
1601891.2334046243	2
1601979.8156188314	3
1602070.198176025	0
1602164.2820002707	1
1602256.474631233	2
1602345.056763361	3
1602435.442917596	0
1602529.5215287353	1
1602621.716514761	2
1602710.3018502323	3
1602800.689518601	0
1602894.7656607672	1
1602986.9596517691	2
1603075.5413330505	3
1603165.9237613482	0
1603260.0050497476	1
1603352.2009656897	2
1603440.7822943937	3
1603531.1651338616	0
1603625.2515341595	1
1603717.442315517	2
1603806.0253304988	3
1603896.4113139359	0
1603990.4939639412	1
1604082.6825002504	2
1604171.2661457718	3
1604261.6450841243	0
1604355.7265024418	1
1604447.9251390935	2
1604536.507217821	3
1604626.885853274	0
1604720.971356085	1
1604813.1702811874	2
1604901.7466566365	3
1604992.12747151	0
1605086.2120278662	1
1605178.4117059514	2
1605266.9887273267	3
1605357.366837043	0
1605451.447483362	1
1605543.6512104757	2
1605632.235349349	3
1605722.6100786075	0
1605816.6904514895	1
1605908.8943403577	2
1605997.4793802716	3
1606087.847910317	0
1606181.929901578	1
1606274.1357238803	2
1606362.7217792757	3
1606453.093094645	0
1606547.1755115665	1
1606639.3792873065	2
1606727.9665121145	3
1606818.3454920044	0
1606912.4213720264	1
1607004.623568335	2
1607093.2113356187	3
1607183.5844741839	0
1607277.6570532818	1
1607369.8666563064	2
1607458.4554074337	3
1607548.8283371746	0
1607642.907294605	1
1607735.1132038918	2
1607823.6993925378	3
1607914.074674126	0
1608008.1544507674	1
1608100.3551227504	2
1608188.9422550837	3
1608279.3168817442	0
1608373.393318936	1
1608465.595918122	2
1608554.1865282478	3
1608644.5614991586	0
1608738.6393275026	1
1608830.843883062	2
1608919.427955578	3
1609009.7989349498	0
1609103.8794394743	1
1609196.08780005	2
1609284.6680620487	3
1609375.0395885515	0
1609469.1225377661	1
1609561.331348733	2
1609649.9131924289	3
1609740.286149606	0
1609834.366196134	1
1609926.574649116	2
1610015.160153713	3
1610105.521094366	0
1610199.5974475557	1
1610291.8134921156	2
1610380.4031573567	3
1610470.761887218	0
1610564.8421284382	1
1610657.057437884	2
1610745.6453144317	3
1610836.0083168822	0
1610930.0847060184	1
1611022.2969845214	2
1611110.8851686365	3
1611201.2500933495	0
1611295.3179995716	1
1611387.5337006622	2
1611476.127000438	3
1611566.4931261616	0
1611660.562176072	1
1611752.778348253	2
1611841.3682021778	3
1611931.7302736517	0
1612025.8031012237	1
1612118.0178129354	2
1612206.6079519934	3
1612296.9709984316	0
1612391.0469567971	1
1612483.2582167517	2
1612571.8506588107	3
1612662.2179850258	0
1612756.2933008245	1
1612848.5031508668	2
1612937.0956702954	3
1613027.4558292024	0
1613121.5274748125	1
1613213.7458393986	2
1613302.33636098	3
1613392.6966854478	0
1613486.7737367307	1
1613578.99431336	2
1613667.5794785873	3
1613757.94335917	0
1613852.0207875927	1
1613944.239481942	2
1614032.8261783759	3
1614123.1862582164	0
1614217.2565672775	1
1614309.4785030112	2
1614398.0728070245	3
1614488.4294156146	0
1614582.5029427437	1
1614674.7262961993	2
1614763.3194723737	3
1614853.6720835306	0
1614947.746833746	1
1615039.969135367	2
1615128.5623038223	3
1615218.9174665143	0
1615312.9897616166	1
1615405.2110686263	2
1615493.8047408385	3
1615584.1666058619	0
1615678.2366841766	1
1615770.4577575098	2
1615859.0515151958	3
1615949.4061374525	0
1616043.471915992	1
1616135.6984212617	2
1616224.292469567	3
1616314.6447806603	0
1616408.716818581	1
1616500.9416361435	2
1616589.5334048015	3
1616679.8891326	0
1616773.963596439	1
1616866.1837216252	2
1616954.7775921088	3
1617045.1306439105	0
1617139.1963481158	1
1617231.4187488644	2
1617320.0159251923	3
1617410.3689062998	0
1617504.4381047653	1
1617596.6652827063	2
1617685.2562497135	3
1617775.607909661	0
1617869.6797857466	1
1617961.9079835077	2
1618050.4964887523	3
1618140.847423761	0
1618234.917872575	1
1618327.146405689	2
1618415.7380880394	3
1618506.0906612766	0
1618600.1622668472	1
1618692.3917214249	2
1618780.9873455411	3
1618871.329206581	0
1618965.3963386405	1
1619057.6305850802	2
1619146.2294529746	3
1619236.5698112317	0
1619330.639517294	1
1619422.8739039903	2
1619511.4706411422	3
1619601.8181681784	0
1619695.887387502	1
1619788.1193186098	2
1619876.7163210006	3
1619967.0645382458	0
1620061.1227716252	1
1620153.356338491	2
1620241.9575423037	3
1620332.3058248027	0
1620426.3682430598	1
1620518.6041946795	2
1620607.2017808803	3
1620697.5477058454	0
1620791.6161644845	1
1620883.8484184877	2
1620972.4459406873	3
1621062.7913015066	0
1621156.8587348482	1
1621249.0875179328	2
1621337.687283595	3
1621428.0366608293	0
1621522.1066418507	1
1621614.3370976562	2
1621702.9351659908	3
1621793.2774450285	0
1621887.3437901943	1
1621979.580862065	2
1622068.1763178424	3
1622158.517312337	0
1622252.5863763012	1
1622344.826801303	2
1622433.4180665591	3
1622523.7614663204	0
1622617.8331714661	1
1622710.073111534	2
1622798.6667187768	3
1622889.0049008392	0
1622983.0662733428	1
1623075.307699341	2
1623163.9101850595	3
1623254.2443980891	0
1623348.3075490526	1
1623440.5520552741	2
1623529.1532024606	3
1623619.486030169	0
1623713.5519366213	1
1623805.7944519287	2
1623894.39571781	3
1623984.731583652	0
1624078.7903129305	1
1624171.0304449743	2
1624259.6330665464	3
1624349.9751399015	0
1624444.0344001688	1
1624536.2761605794	2
1624624.8786990438	3
1624715.214685956	0
1624809.2720562748	1
1624901.5161881817	2
1624990.1195289334	3
1625080.453058835	0
1625174.513944406	1
1625266.7559407018	2
1625355.357304134	3
1625445.6950766467	0
1625539.7621285787	1
1625632.0013800755	2
1625720.6034011343	3
1625810.9396296977	0
1625904.9972748559	1
1625997.237626439	2
1626085.8424288072	3
1626176.177556655	0
1626270.2379931998	1
1626362.4848465042	2
1626451.0826181816	3
1626541.4172562163	0
1626635.48433646	1
1626727.7325493952	2
1626816.328738463	3
1626906.6618585861	0
1627000.72398374	1
1627092.9707738003	2
1627181.570788808	3
1627271.9039776537	0
1627365.9685082631	1
1627458.2183817488	2
1627546.8221170169	3
1627637.1463119735	0
1627731.208836902	1
1627823.4624018017	2
1627912.0685207518	3
1628002.3902627043	0
1628096.450754495	1
1628188.7038328785	2
1628277.307276378	3
1628367.6367130806	0
1628461.6993324505	1
1628553.9527288105	2
1628642.5567284413	3
1628732.8864725803	0
1628826.9369906813	1
1628919.1897577164	2
1629007.798414756	3
1629098.1259086765	0
1629192.1783467326	1
1629284.4336376193	2
1629373.0393283898	3
1629463.365855717	0
1629557.427319337	1
1629649.6795248983	2
1629738.2852441012	3
1629828.611376995	0
1629922.667841629	1
1630014.9146466707	2
1630103.5225115549	3
1630193.8520442315	0
1630287.9104917503	1
1630380.16096157	2
1630468.7669455172	3
1630559.091016341	0
1630653.149136654	1
1630745.405593947	2
1630834.0089066676	3
1630924.3307837339	0
1631018.3882175926	1
1631110.6454516605	2
1631199.2453259986	3
1631289.5702972203	0
1631383.6330681657	1
1631475.8919345036	2
1631564.4945207948	3
1631654.8147581492	0
1631748.8685817919	1
1631841.1270559786	2
1631929.7378488798	3
1632020.053078079	0
1632114.106296963	1
1632206.368306186	2
1632294.9771969304	3
1632385.292715171	0
1632479.3524636112	1
1632571.6149957185	2
1632660.2225257682	3
1632750.541516896	0
1632844.5924764439	1
1632936.8509291096	2
1633025.4605165182	3
1633115.7838235744	0
1633209.8348251486	1
1633302.0966736833	2
1633390.70636238	3
1633481.023310786	0
1633575.0768531035	1
1633667.341646234	2
1633755.9522030912	3
1633846.2664625037	0
1633940.3201398512	1
1634032.581254738	2
1634121.1904750515	3
1634211.508559847	0
1634305.5677926124	1
1634397.8289577393	2
1634486.438469828	3
1634576.7558890784	0
1634670.8071524592	1
1634763.0691278588	2
1634851.6820113773	3
1634941.9975341284	0
1635036.0471605319	1
1635128.3146011075	2
1635216.9206455338	3
1635307.2357406202	0
1635401.2947222395	1
1635493.5649759339	2
1635582.1696983501	3
1635672.484216533	0
1635766.5369668382	1
1635858.8024456783	2
1635947.412791588	3
1636037.7256620731	0
1636131.7777558037	1
1636224.0462014403	2
1636312.6601505866	3
1636402.9652960303	0
1636497.0192339253	1
1636589.2918553047	2
1636677.9071442122	3
1636768.2119087293	0
1636862.2608410795	1
1636954.5301411047	2
1637043.1422145576	3
1637133.4544574062	0
1637227.5053593123	1
1637319.7759906042	2
1637408.3878753264	3
1637498.7007610558	0
1637592.7441390979	1
1637685.014004675	2
1637773.630784407	3
1637863.9398295837	0
1637957.982617879	1
1638050.2534118828	2
1638138.8660628381	3
1638229.174143198	0
1638323.2287884266	1
1638415.499434304	2
1638504.1113118443	3
1638594.420477514	0
1638688.4707184555	1
1638780.735323752	2
1638869.349374677	3
1638959.6596986733	0
1639053.7086036731	1
1639145.978341596	2
1639234.5902713693	3
1639324.8951657163	0
1639418.948361409	1
1639511.2274475459	2
1639599.836568683	3
1639690.138766252	0
1639784.1892010022	1
1639876.4665217295	2
1639965.073781316	3
1640055.3778667483	0
1640149.4316105521	1
1640241.7118507905	2
1640330.3242004686	3
1640420.6241671194	0
1640514.6712923283	1
1640606.9518992428	2
1640695.5726932772	3
1640785.8679125106	0
1640879.9107805006	1
1640972.1925534145	2
1641060.8106683574	3
1641151.108375558	0
1641245.158181597	1
1641337.4419831713	2
1641426.058317153	3
1641516.3609914854	0
1641610.4036005796	1
1641702.6814579547	2
1641791.300706757	3
1641881.6056817137	0
1641975.6452463837	1
1642067.9248184066	2
1642156.5443286928	3
1642246.8430050286	0
1642340.8892815502	1
1642433.1735400371	2
1642521.7927313827	3
1642612.0898075094	0
1642706.135711745	1
1642798.412686246	2
1642887.0302019177	3
1642977.3310393188	0
1643071.3796339638	1
1643163.6575475268	2
1643252.2751393653	3
1643342.5751210265	0
1643436.619342548	1
1643528.9004549284	2
1643617.519687555	3
1643707.8170546412	0
1643801.8578614013	1
1643894.1421674888	2
1643982.7544716517	3
1644073.0509632868	0
1644167.100952332	1
1644259.3896084265	2
1644348.0007860493	3
1644438.2966060066	0
1644532.3429187227	1
1644624.6268249222	2
1644713.244872638	3
1644803.5375152729	0
1644897.5796955093	1
1644989.86607079	2
1645078.4867697216	3
1645168.7715238854	0
1645262.8179467192	1
1645355.1119074714	2
1645443.7326126394	3
1645534.0189779052	0
1645628.061018769	1
1645720.3504574916	2
1645808.9696078352	3
1645899.261810133	0
1645993.301344297	1
1646085.5922316038	2
1646174.2126909955	3
1646264.5043992887	0
1646358.540488086	1
1646450.8332796337	2
1646539.4595123634	3
1646629.7485597904	0
1646723.7825963215	1
1646816.0729606107	2
1646904.6956469165	3
1646994.9840399513	0
1647089.0279451662	1
1647181.3187600034	2
1647269.9407783858	3
1647360.2323411924	0
1647454.2745467203	1
1647546.5599095102	2
1647635.184610661	3
1647725.4771957002	0
1647819.5148769629	1
1647911.8034256918	2
1648000.4247816522	3
1648090.7120662793	0
1648184.756145153	1
1648277.0551747575	2
1648365.6732066628	3
1648455.959723591	0
1648550.003479011	1
1648642.2983929277	2
1648730.9157524249	3
1648821.2026468131	0
1648915.2456466062	1
1649007.5418175736	2
1649096.1636226275	3
1649186.4455766426	0
1649280.4856885567	1
1649372.7853344085	2
1649461.414170664	3
1649551.6929056358	0
1649645.728189313	1
1649738.0264996071	2
1649826.651033568	3
1649916.9316910366	0
1650010.9709880059	1
1650103.2718916577	2
1650191.8944117627	3
1650282.180156436	0
1650376.2159160012	1
1650468.512664243	2
1650557.1382488285	3
1650647.4242810246	0
1650741.4551945606	1
1650833.7514439498	2
1650922.3768616468	3
1651012.6557478106	0
1651106.6940891887	1
1651198.9975725454	2
1651287.6225212002	3
1651377.8999327053	0
1651471.939968139	1
1651564.2363531187	2
1651652.8603286815	3
1651743.1405815987	0
1651837.178815671	1
1651929.4759778331	2
1652018.1009634992	3
1652108.3797601939	0
1652202.415053179	1
1652294.7193933467	2
1652383.3459602597	3
1652473.6229599484	0
1652567.655700919	1
1652659.9610006865	2
1652748.582107317	3
1652838.85807838	0
1652932.8962275947	1
1653025.2047052092	2
1653113.8267065932	3
1653204.1024654463	0
1653298.139727173	1
1653390.4451306874	2
1653479.0747446897	3
1653569.3485113464	0
1653663.3803502459	1
1653755.684821825	2
1653844.316593738	3
1653934.5841331407	0
1654028.6192648332	1
1654120.9321762694	2
1654209.5626317696	3
1654299.8336967735	0
1654393.8684235492	1
1654486.1763396652	2
1654574.8045441224	3
1654665.081524451	0
1654759.111795799	1
1654851.4188207327	2
1654940.0482533323	3
1655030.3229237257	0
1655124.3518068732	1
1655216.663557856	2
1655305.2971548494	3
1655395.5693264958	0
1655489.5989035042	1
1655581.9069760202	2
1655670.5368833581	3
1655760.8079357904	0
1655854.8430439325	1
1655947.150950977	2
1656035.7794382495	3
1656126.0529156132	0
1656220.088074231	1
1656312.3941253268	2
1656401.0249044301	3
1656491.2996120702	0
1656585.3297630085	1
1656677.6375437086	2
1656766.2645468325	3
1656856.53170116	0
1656950.5657222704	1
1657042.8842456494	2
1657131.5084811961	3
1657221.7746298828	0
1657315.811766011	1
1657408.1273880918	2
1657496.7531336434	3
1657587.0191777458	0
1657681.0516782932	1
1657773.3657457682	2
1657861.9967134271	3
1657952.2566380713	0
1658046.2854922833	1
1658138.605794243	2
1658227.2435104856	3
1658317.502696921	0
1658411.5290664553	1
1658503.8475758357	2
1658592.4811740315	3
1658682.74269813	0
1658776.76896758	1
1658869.088167529	2
1658957.720041221	3
1659047.9865807835	0
1659142.0114221803	1
1659234.3285335726	2
1659322.9647993217	3
1659413.2326486015	0
1659507.2542149725	1
1659599.568575062	2
1659688.204546526	3
1659778.464961822	0
1659872.4918898733	1
1659964.8120367608	2
1660053.4469566739	3
1660143.708058328	0
1660237.7408239637	1
1660330.0559425429	2
1660418.6893046598	3
1660508.9546374697	0
1660602.984310197	1
1660695.2979846715	2
1660783.9308593646	3
1660874.1930836223	0
1660968.2195560911	1
1661060.5432123232	2
1661149.1769411075	3
1661239.4375963386	0
1661333.4659303203	1
1661425.7910790553	2
1661514.4192938728	3
1661604.677795514	0
1661698.7083760698	1
1661791.0344688403	2
1661879.6641256004	3
1661969.9213575975	0
1662063.9512697833	1
1662156.2770586465	2
1662244.9145455575	3
1662335.169784095	0
1662429.1954974735	1
1662521.5196339204	2
1662610.1584142551	3
1662700.4074185442	0
1662794.4325936437	1
1662886.764580849	2
1662975.4017921197	3
1663065.6538709477	0
1663159.6803442938	1
1663252.009264927	2
1663340.6446417554	3
1663430.9028686853	0
1663524.9244516012	1
1663617.2495334705	2
1663705.8877451292	3
1663796.1416955672	0
1663890.1592024686	1
1663982.4897816426	2
1664071.1321992888	3
1664161.383683943	0
1664255.4056384556	1
1664347.733608731	2
1664436.3720244484	3
1664526.6238155817	0
1664620.6483248137	1
1664712.973413948	2
1664801.610587589	3
1664891.8645475332	0
1664985.8875018607	1
1665078.21351736	2
1665166.8531744312	3
1665257.1089585216	0
1665351.1299430449	1
1665443.4574421335	2
1665532.0935373437	3
1665622.3422384178	0
1665716.3644314744	1
1665808.7005442358	2
1665897.3342221694	3
1665987.5817842204	0
1666081.6093389187	1
1666173.9439106204	2
1666262.5791944705	3
1666352.8284248577	0
1666446.8530050875	1
1666539.184032049	2
1666627.824945251	3
1666718.0670713354	0
1666812.085253769	1
1666904.4233771912	2
1666993.0690754412	3
1667083.3111571223	0
1667177.3311097973	1
1667269.6701056901	2
1667358.3104897037	3
1667448.5565099579	0
1667542.5756349475	1
1667634.9126508129	2
1667723.5514285634	3
1667813.8001180931	0
1667907.816141454	1
1668000.1529817982	2
1668088.797203309	3
1668179.0465028847	0
1668273.0633520582	1
1668365.398955199	2
1668454.0427612881	3
1668544.2836289746	0
1668638.302617466	1
1668730.6416592055	2
1668819.2840021495	3
1668909.5254190979	0
1669003.5500259078	1
1669095.8863913892	2
1669184.52846967	3
1669274.7756079244	0
1669368.7971940802	1
1669461.1310988206	2
1669549.7731006888	3
1669640.0151510767	0
1669734.0297752502	1
1669826.3730084992	2
1669915.0157476396	3
1670005.2565562874	0
1670099.2758204169	1
1670191.6216865801	2
1670280.2593696113	3
1670370.499457261	0
1670464.5201820666	1
1670556.8632724138	2
1670645.5031633114	3
1670735.7410139777	0
1670829.7575181448	1
1670922.1004485334	2
1671010.7488128503	3
1671100.985711198	0
1671195.0014585706	1
1671287.3446824763	2
1671375.9924496666	3
1671466.2246409934	0
1671560.2383353203	1
1671652.5860394023	2
1671741.230697996	3
1671831.466437551	0
1671925.4818090694	1
1672017.8278713822	2
1672106.4716346776	3
1672196.713782246	0
1672290.727749531	1
1672383.0697429192	2
1672471.7161822119	3
1672561.951732513	0
1672655.959789031	1
1672748.306849774	2
1672836.9567351285	3
1672927.189844758	0
1673021.2050753878	1
1673113.5522066443	2
1673202.1971376175	3
1673292.4321782365	0
1673386.4507595133	1
1673478.7939599021	2
1673567.4378460508	3
1673657.6738105642	0
1673751.6870961785	1
1673844.032882461	2
1673932.6794627362	3
1674022.9156539699	0
1674116.9306282427	1
1674209.281097776	2
1674297.9236249356	3
1674388.153386115	0
1674482.1691741743	1
1674574.5254441998	2
1674663.1674166783	3
1674753.3944567037	0
1674847.4123412077	1
1674939.767722211	2
1675028.4132733413	3
1675118.6424209462	0
1675212.6597413372	1
1675305.0121384172	2
1675393.6642117496	3
1675483.8868277473	0
1675577.8940179918	1
1675670.251717419	2
1675758.9073405117	3
1675849.1306187513	0
1675943.1397563904	1
1676035.4995148336	2
1676124.1493500369	3
1676214.3789372286	0
1676308.3890679919	1
1676400.7442510903	2
1676489.3935089398	3
1676579.624395684	0
1676673.6274868725	1
1676765.9810902704	2
1676854.6358253465	3
1676944.8665133654	0
1677038.8738610023	1
1677131.2279999307	2
1677219.880546333	3
1677310.105501653	0
1677404.115911934	1
1677496.4704273795	2
1677585.1208685837	3
1677675.3455247604	0
1677769.3583163617	1
1677861.7107930274	2
1677950.3601957785	3
1678040.5904412563	0
1678134.6041641063	1
1678226.956986602	2
1678315.6059941992	3
1678405.830140146	0
1678499.8356180147	1
1678592.1964263576	2
1678680.845317899	3
1678771.0664229689	0
1678865.0764578783	1
1678957.4414174443	2
1679046.0865870847	3
1679136.3080323394	0
1679230.3223247766	1
1679322.684221635	2
1679411.3326832596	3
1679501.5503536265	0
1679595.5561449612	1
1679687.9170723318	2
1679776.5741728148	3
1679866.7911529772	0
1679960.7979767593	1
1680053.1631182092	2
1680141.81836041	3
1680232.0325465633	0
1680326.0384797736	1
1680418.4059652302	2
1680507.0584554826	3
1680597.2750814084	0
1680691.2793999617	1
1680783.644750423	2
1680872.298712593	3
1680962.5215871367	0
1681056.5274857073	1
1681148.890990185	2
1681237.547915045	3
1681327.7641134525	0
1681421.763727041	1
1681514.1300249656	2
1681602.7898812967	3
1681693.0039812464	0
1681787.0086951214	1
1681879.3753840302	2
1681968.0308192286	3
1682058.248903479	0
1682152.2592798772	1
1682244.622631222	2
1682333.276735098	3
1682423.4957421604	0
1682517.4971905043	1
1682609.8609053437	2
1682698.5175993904	3
1682788.7367373614	0
1682882.7407906055	1
1682975.1109864623	2
1683063.762736384	3
1683153.9767437498	0
1683247.9847669816	1
1683340.3577689272	2
1683429.0086212468	3
1683519.2190344767	0
1683613.2260656822	1
1683705.5963934048	2
1683794.2513492284	3
1683884.4633848618	0
1683978.472256619	1
1684070.84247718	2
1684159.501814921	3
1684249.7076159667	0
1684343.7071338936	1
1684436.0816847833	2
1684524.7431180612	3
1684614.9486815673	0
1684708.9476243407	1
1684801.3247169135	2
1684889.9804607395	3
1684980.1917978758	0
1685074.1951805085	1
1685166.5695078666	2
1685255.2256038904	3
1685345.4371752357	0
1685439.4313818214	1
1685531.802837589	2
1685620.4650326674	3
1685710.6740731713	0
1685804.6716941057	1
1685897.0459139927	2
1685985.7057062185	3
1686075.9107979322	0
1686169.9148366034	1
1686262.289482208	2
1686350.9483212705	3
1686441.1530178944	0
1686535.15436341	1
1686627.5258156592	2
1686716.184185081	3
1686806.3941946828	0
1686900.3977676192	1
1686992.7729535145	2
1687081.4310211733	3
1687171.6362513937	0
1687265.6335275895	1
1687358.0151868907	2
1687446.6739618373	3
1687536.875011816	0
1687630.8734262255	1
1687723.257967469	2
1687811.9143637328	3
1687902.116713886	0
1687996.122189792	1
1688088.5049975254	2
1688177.1654882045	3
1688267.365757387	0
1688361.3607759273	1
1688453.7402243654	2
1688542.4087978755	3
1688632.6084427536	0
1688726.602503874	1
1688818.9866067048	2
1688907.6516676787	3
1688997.8515964465	0
1689091.8495571716	1
1689184.2355604146	2
1689272.8975293317	3
1689363.0994535855	0
1689457.093386389	1
1689549.4739315526	2
1689638.1368490716	3
1689728.3433332907	0
1689822.3403562552	1
1689914.7213308979	2
1690003.3865951132	3
1690093.5863895768	0
1690187.5807061116	1
1690279.964022399	2
1690368.630832551	3
1690458.8267709787	0
1690552.8225037854	1
1690645.2053727023	2
1690733.8674490182	3
1690824.0673877615	0
1690918.070608983	1
1691010.453818786	2
1691099.1138673187	3
1691189.3141427273	0
1691283.307488278	1
1691375.6900361008	2
1691464.3533099298	3
1691554.5514995481	0
1691648.5443835622	1
1691740.934577744	2
1691829.5941383557	3
1691919.787143078	0
1692013.7869084713	1
1692106.1806720546	2
1692194.840434466	3
1692285.0301243574	0
1692379.0260740425	1
1692471.4141306276	2
1692560.079710876	3
1692650.271598315	0
1692744.2673693234	1
1692836.657197728	2
1692925.3268682193	3
1693015.5139991662	0
1693109.5041330862	1
1693201.8989760508	2
1693290.569606656	3
1693380.7571565914	0
1693474.7438949933	1
1693567.1386536001	2
1693655.804278109	3
1693745.9978809953	0
1693839.9909127194	1
1693932.3850992143	2
1694021.0513611375	3
1694111.24578481	0
1694205.231411166	1
1694297.620827468	2
1694386.293925364	3
1694476.485353732	0
1694570.4715651188	1
1694662.863515014	2
1694751.5334927328	3
1694841.7222924663	0
1694935.7187714118	1
1695028.112690996	2
1695116.7800316322	3
1695206.9699192294	0
1695300.9631365659	1
1695393.351568063	2
1695482.0185876884	3
1695572.2125891412	0
1695666.2060801075	1
1695758.5996746619	2
1695847.2656356792	3
1695937.453923865	0
1696031.446144336	1
1696123.8476009734	2
1696212.5138852214	3
1696302.6971939567	0
1696396.6881730696	1
1696489.0894663567	2
1696577.7536246304	3
1696667.9370586628	0
1696761.9345771188	1
1696854.3363157623	2
1696943.0047209081	3
1697033.1866848166	0
1697127.1750179764	1
1697219.5739973993	2
1697308.250405442	3
1697398.4298638683	0
1697492.4123005194	1
1697584.815481565	2
1697673.487389467	3
1697763.6675378084	0
1697857.6565287283	1
1697950.063507789	2
1698038.7334928717	3
1698128.9165476009	0
1698222.9004316926	1
1698315.298930511	2
1698403.9715577858	3
1698494.1572197715	0
1698588.1408449616	1
1698680.5400952925	2
1698769.2154248497	3
1698859.3952709683	0
1698953.3805499854	1
1699045.784022419	2
1699134.460171432	3
1699224.637373859	0
1699318.6219120019	1
1699411.0219965526	2
1699499.6932001796	3
1699589.874972874	0
1699683.8655519625	1
1699776.2677974107	2
1699864.937511577	3
1699955.1205975453	0
1700049.1045347385	1
1700141.5071134472	2
1700230.1804619743	3
1700320.3601377588	0
1700414.3410081097	1
1700506.7488719074	2
1700595.418040213	3
1700685.593369791	0
1700779.584247692	1
1700871.997175384	2
1700960.6672145356	3
1701050.8406689898	0
1701144.8288335348	1
1701237.233862888	2
1701325.9099480046	3
1701416.084536555	0
1701510.0689470922	1
1701602.4761828547	2
1701691.155385819	3
1701781.3261328456	0
1701875.3093076143	1
1701967.724542221	2
1702056.4026737988	3
1702146.5744239301	0
1702240.554078876	1
1702332.965863926	2
1702421.6395246754	3
1702511.8162622952	0
1702605.8002852742	1
1702698.2126307925	2
1702786.8874131069	3
1702877.0634998837	0
1702971.0434968197	1
1703063.4529048016	2
1703152.1341732203	3
1703242.3064762084	0
1703336.2841415815	1
1703428.6944603152	2
1703517.3723153376	3
1703607.5419566424	0
1703701.528888332	1
1703793.9431461433	2
1703882.6181504962	3
1703972.789797259	0
1704066.7744353344	1
1704159.1826205999	2
1704247.8586633925	3
1704338.0334301998	0
1704432.01350677	1
1704524.4258041293	2
1704613.1011111606	3
1704703.2692454932	0
1704797.2511752238	1
1704889.6735390672	2
1704978.348982452	3
1705068.5134652322	0
1705162.4944972512	1
1705254.9125681	2
1705343.58758192	3
1705433.7520959235	0
1705527.735699627	1
1705620.1540317507	2
1705708.8334006167	3
1705798.9972058064	0
1705892.9750601817	1
1705985.39288997	2
1706074.0787761689	3
1706164.2419583767	0
1706258.212928954	1
1706350.6325542375	2
1706439.3127928698	3
1706529.4766796452	0
1706623.4545142425	1
1706715.8786924505	2
1706804.5567071307	3
1706894.7234339733	0
1706988.7005153366	1
1707081.1166298196	2
1707169.798578351	3
1707259.9663999646	0
1707353.940301091	1
1707446.3561317713	2
1707535.0398357268	3
1707625.2008268393	0
1707719.1791923775	1
1707811.6027779782	2
1707900.2863827858	3
1707990.4465658804	0
1708084.4256853263	1
1708176.844515065	2
1708265.523450482	3
1708355.6869789467	0
1708449.6676343046	1
1708542.088989397	2
1708630.7667826314	3
1708720.9311426727	0
1708814.908269863	1
1708907.3339185985	2
1708996.0156437298	3
1709086.1760006368	0
1709180.1487024755	1
1709272.5767398803	2
1709361.2547017657	3
1709451.4101390732	0
1709545.3905743165	1
1709637.8235590218	2
1709726.5041453054	3
1709816.6589030924	0
1709910.6384848652	1
1710003.0641708958	2
1710091.751276807	3
1710181.90722964	0
1710275.8790291715	1
1710368.3048957214	2
1710456.9937153603	3
1710547.1462854028	0
1710641.117674348	1
1710733.553209964	2
1710822.2405035386	3
1710912.395268922	0
1711006.3655275344	1
1711098.7952077754	2
1711187.4791489353	3
1711277.6377637049	0
1711371.6084500826	1
1711464.0362776066	2
1711552.722047286	3
1711642.8799159948	0
1711736.8492906245	1
1711829.2770994583	2
1711917.9684218995	3
1712008.1235807454	0
1712102.0914728208	1
1712194.5172677205	2
1712283.203538471	3
1712373.3564970137	0
1712467.331600163	1
1712559.761564222	2
1712648.4447510298	3
1712738.600016048	0
1712832.5763888685	1
1712925.0029860302	2
1713013.6865405552	3
1713103.8438953592	0
1713197.8144217448	1
1713290.2436784052	2
1713378.9263590986	3
1713469.0756808955	0
1713563.0485850603	1
1713655.4900453605	2
1713744.1731033064	3
1713834.3187033855	0
1713928.293964233	1
1714020.7310509174	2
1714109.4151232361	3
1714199.5607736197	0
1714293.5343094245	1
1714385.9707538432	2
1714474.65923269	3
1714564.8034738274	0
1714658.771741239	1
1714751.2116812984	2
1714839.9057447826	3
1714930.0511635924	0
1715024.014276416	1
1715116.4544787966	2
1715205.1438445528	3
1715295.2896464537	0
1715389.2558185777	1
1715481.6988634488	2
1715570.386962531	3
1715660.5352506205	0
1715754.5038533541	1
1715846.9408991274	2
1715935.6335442741	3
1716025.7838788496	0
1716119.7484104955	1
1716212.1823836314	2
1716300.876389	3
1716391.01917356	0
1716484.9864912299	1
1716577.4292064782	2
1716666.1222775725	3
1716756.2653202622	0
1716850.236662549	1
1716942.6749954177	2
1717031.363801627	3
1717121.5107671807	0
1717215.4797268088	1
1717307.9182361953	2
1717396.605684188	3
1717486.751972701	0
1717580.7175672988	1
1717673.1622179027	2
1717761.853326207	3
1717851.9967924994	0
1717945.9611880737	1
1718038.406454214	2
1718127.0943157987	3
1718217.2321822601	0
1718311.2008612433	1
1718403.6483379588	2
1718492.338177284	3
1718582.4752446883	0
1718676.4453017758	1
1718768.8886083786	2
1718857.5842913976	3
1718947.7239034758	0
1719041.686471475	1
1719134.1286707013	2
1719222.824365296	3
1719312.9591771795	0
1719406.9195417392	1
1719499.3723916893	2
1719588.0662382366	3
1719678.2029561242	0
1719772.16672995	1
1719864.615761059	2
1719953.3069490213	3
1720043.4465463506	0
1720137.408466423	1
1720229.853722244	2
1720318.5473203822	3
1720408.684640062	0
1720502.644106386	1
1720595.0928303816	2
1720683.7929115396	3
1720773.927986855	0
1720867.8880422115	1
1720960.3355007435	2
1721049.0306926847	3
1721139.1640790808	0
1721233.1276026606	1
1721325.5771338437	2
1721414.2701592688	3
1721504.406751509	0
1721598.3718088237	1
1721690.8205787716	2
1721779.5148409794	3
1721869.6542881601	0
1721963.6150266917	1
1722056.0646033334	2
1722144.7585074825	3
2414734.3234205055	0
2414827.156656217	1
2414920.7709050984	2
2415010.5390125345	3
2415099.568748035	0
2415192.402611666	1
2415286.0140035027	2
2415375.778853223	3
2415464.8080276656	0
2415557.644287088	1
2415651.2561918832	2
2415741.025406811	3
2415830.053149547	0
2415922.8854903583	1
2416016.4967435165	2
2416106.274654136	3
2416195.301908513	0
2416288.1284077526	1
2416381.7386536095	2
2416471.5141661847	3
2416560.5406417884	0
2416653.368969924	1
2416746.986236367	2
2416836.7596599096	3
2416925.7899215017	0
2417018.6189851235	1
2417112.2291121827	2
2417202.002550571	3
2417291.0366455805	0
2417383.8623390766	1
2417477.4687212203	2
2417567.2453197464	3
2417656.272888201	0
2417749.099281128	1
2417842.714489411	2
2417932.4941085726	3
2418021.518888831	0
2418114.346538774	1
2418207.957109845	2
2418297.731525984	3
2418386.7589760697	0
2418479.5871610288	1
2418573.1975588263	2
2418662.972061671	3
2418752.0019782684	0
2418844.825461797	1
2418938.437985156	2
2419028.2164568705	3
2419117.2460586503	0
2419210.0663166423	1
2419303.6788153513	2
2419393.4535769206	3
2419482.4786822665	0
2419575.3033585423	1
2419668.922198223	2
2419758.69766989	3
2419847.7207670156	0
2419940.5482141855	1
2420034.1615964044	2
2420123.9408565457	3
2420212.965744619	0
2420305.7881846433	1
2420399.398431259	2
2420489.1821942558	3
2420578.202238752	0
2420671.0203597387	1
2420764.641487213	2
2420854.4275855445	3
2420943.4491829486	0
2421036.2669168334	1
2421129.885209028	2
2421219.665627991	3
2421308.692490311	0
2421401.5099069	1
2421495.1250711735	2
2421584.906689395	3
2421673.9344282444	0
2421766.7496965476	1
2421860.364998484	2
2421950.153785841	3
2422039.17991307	0
2422131.9954994917	1
2422225.607855576	2
2422315.3937695115	3
2422404.4161370764	0
2422497.235944814	1
2422590.852824574	2
2422680.6367576993	3
2422769.6604012647	0
2422862.48305322	1
2422956.0970118004	2
2423045.88012395	3
2423134.9087052345	0
2423227.7268357547	1
2423321.339939865	2
2423411.12282946	3
2423500.144928697	0
2423592.960203707	1
2423686.5857680324	2
2423776.3702872745	3
2423865.3889351427	0
2423958.2078569913	1
2424051.8320949655	2
2424141.614870713	3
2424230.6334149004	0
2424323.4513240904	1
2424417.0717544486	2
2424506.8587366366	3
2424595.875771784	0
2424688.687472411	1
2424782.310103619	2
2424872.1064485293	3
2424961.124325664	0
2425053.9320254605	1
2425147.553384129	2
2425237.346129252	3
2425326.364018016	0
2425419.1710886983	1
2425512.7954422478	2
2425602.5858352277	3
2425691.607479556	0
2425784.4170458713	1
2425878.0362794492	2
2425967.828249888	3
2426056.85395399	0
2426149.6616425007	1
2426243.2749131066	2
2426333.069088289	3
2426422.0876567727	0
2426514.894443284	1
2426608.5161374034	2
2426698.312161075	3
2426787.3288310417	0
2426880.1406658846	1
2426973.760987849	2
2427063.5515196295	3
2427152.5715521863	0
2427245.383163594	1
2427339.00074831	2
2427428.78988929	3
2427517.811005654	0
2427610.6165632214	1
2427704.239668401	2
2427794.034279491	3
2427883.0539493095	0
2427975.8596145036	1
2428069.484790574	2
2428159.2757351226	3
2428248.2901255437	0
2428341.0983098103	1
2428434.7263240595	2
2428524.518493717	3
2428613.531252952	0
2428706.341621568	1
2428799.9672720837	2
2428889.7650054647	3
2428978.779875977	0
2429071.585784433	1
2429165.20795285	2
2429255.009270422	3
2429344.019724866	0
2429436.819012123	1
2429530.4509652494	2
2429620.2541138045	3
2429709.2664452787	0
2429802.066920947	1
2429895.698280403	2
2429985.49630981	3
2430074.514118285	0
2430167.3147574323	1
2430260.9393804786	2
2430350.738961902	3
2430439.757347019	0
2430532.5529182847	1
2430626.178062936	2
2430715.9857684835	3
2430805.0017779344	0
2430897.8001852855	1
2430991.4247754733	2
2431081.228509535	3
2431170.242046054	0
2431263.0432218174	1
2431356.6677633054	2
2431446.468579206	3
2431535.484132857	0
2431628.2861162415	1
2431721.909531597	2
2431811.710776459	3
2431900.730990441	0
2431993.5307478188	1
2432087.1531813163	2
2432176.953669536	3
2432265.967101755	0
2432358.7630326496	1
2432452.3948426447	2
2432542.196336834	3
2432631.2060641083	0
2432724.007317356	1
2432817.6400357806	2
2432907.439739934	3
2432996.449993649	0
2433089.251884999	1
2433182.87902323	2
2433272.6825312315	3
2433361.6910478272	0
2433454.483330821	1
2433548.1135592917	2
2433637.9259002763	3
2433726.9344970863	0
2433819.725545284	1
2433913.358897056	2
2434003.1666843435	3
2434092.176191064	0
2434184.967017884	1
2434278.5997461258	2
2434368.404937794	3
2434457.4169867104	0
2434550.208265449	1
2434643.837399579	2
2434733.6468173037	3
2434822.6620660136	0
2434915.454168912	1
2435009.080021448	2
2435098.891885177	3
2435187.899347591	0
2435280.688429386	1
2435374.3200358143	2
2435464.1325491825	3
2435553.1390679767	0
2435645.9331291257	1
2435739.5659835073	2
2435829.374615758	3
2435918.3864189954	0
2436011.180891954	1
2436104.8097488414	2
2436194.617073458	3
2436283.6290073334	0
2436376.4144883626	1
2436470.0477812896	2
2436559.8608797374	3
2436648.8711706996	0
2436741.6595352297	1
2436835.297503119	2
2436925.1071485076	3
2437014.112935399	0
2437106.9043453475	1
2437200.54085172	2
2437290.351318885	3
2437379.355612152	0
2437472.145887304	1
2437565.7794549013	2
2437655.5968370526	3
2437744.603831455	0
2437837.391730081	1
2437931.0244374364	2
2438020.843921157	3
2438109.846990908	0
2438202.627783155	1
2438296.2663074317	2
2438386.084630435	3
2438475.090170614	0
2438567.8727717455	1
2438661.5115548433	2
2438751.326054424	3
2438840.3366241083	0
2438933.1219933266	1
2439026.7541548824	2
2439116.5697306623	3
2439205.5784027074	0
2439298.356497473	1
2439391.988280799	2
2439481.811213322	3
2439570.817215896	0
2439663.5991816237	1
2439757.2347405395	2
2439847.0529782125	3
2439936.056940908	0
2440028.8425408658	1
2440122.476502875	2
2440212.2914879792	3
2440301.2972766478	0
2440394.0798814166	1
2440487.713108138	2
2440577.5303337965	3
2440666.539096555	0
2440759.3212671564	1
2440852.957599775	2
2440942.7747576484	3
2441031.776471246	0
2441124.555257905	1
2441218.197824925	2
2441308.0165894944	3
2441397.0148541043	0
2441489.795938702	1
2441583.4393940214	2
2441673.258943181	3
2441762.2586292936	0
2441855.042059967	1
2441948.681323317	2
2442038.505341041	3
2442127.504588274	0
2442220.276108074	1
2442313.9155610283	2
2442403.7471759883	3
2442492.7476784866	0
2442585.5183459874	1
2442679.1633198806	2
2442768.9899632246	3
2442857.992762126	0
2442950.7667943593	1
2443044.4084520126	2
2443134.2327224906	3
2443223.237679477	0
2443316.0095455744	1
2443409.645300091	2
2443499.474399322	3
2443588.4816264114	0
2443681.25663052	1
2443774.8926337836	2
2443864.722883708	3
2443953.7235555463	0
2444046.4973365683	1
2444140.1363762813	2
2444229.965103592	3
2444318.9650546974	0
2444411.740977121	1
2444505.381024579	2
2444595.205610259	3
2444684.210303933	0
2444776.9893537033	1
2444870.628605622	2
2444960.4517586813	3
2445049.4554386074	0
2445142.2242962066	1
2445235.8654055707	2
2445325.693154892	3
2445414.6935672695	0
2445507.4643514073	1
2445601.1122230785	2
2445690.937441801	3
2445779.933558433	0
2445872.7098786067	1
2445966.356171109	2
2446056.18250641	3
2446145.176199063	0
2446237.947307363	1
2446331.5885014087	2
2446421.4219822455	3
2446510.4185323105	0
2446603.187470323	1
2446696.832544181	2
2446786.6681401553	3
2446875.661079631	0
2446968.4241254115	1
2447062.0730999275	2
2447151.906856479	3
2447240.9018041254	0
2447333.6642516516	1
2447427.311692464	2
2447517.144357117	3
2447606.144614348	0
2447698.9118114403	1
2447792.5552742225	2
2447882.39028162	3
2447971.388372982	0
2448064.1477692993	1
2448157.7885370203	2
2448247.6298494595	3
2448336.626336517	0
2448429.3880373994	1
2448523.033389268	2
2448612.870580733	3
2448701.8666942306	0
2448794.634821541	1
2448888.2796997586	2
2448978.1133494396	3
2449067.1115463288	0
2449159.874811493	1
2449253.5156035954	2
2449343.3512484957	3
2449432.352778919	0
2449525.116341508	1
2449618.7633395907	2
2449708.599104552	3
2449797.593344562	0
2449890.3572022086	1
2449984.009015712	2
2450073.8449930777	3
2450162.83546476	0
2450255.599811079	1
2450349.2500669477	2
2450439.0874171173	3
2450528.0796199385	0
2450620.8471698356	1
2450714.4970614193	2
2450804.338215091	3
2450893.329532192	0
2450986.085118569	1
2451079.7341592605	2
2451169.580872457	3
2451258.5734839537	0
2451351.3257714766	1
2451444.980211248	2
2451534.822086114	3
2451623.8161415868	0
2451716.5747946044	1
2451810.2274945313	2
2451900.0676567815	3
2451989.062990277	0
2452081.817861298	1
2452175.461439197	2
2452265.3065887345	3
2452354.302872253	0
2452447.0586108277	1
2452540.705130896	2
2452630.551641465	3
2452719.541496937	0
2452812.2989251264	1
2452905.9491771297	2
2452995.794309692	3
2453084.783768892	0
2453177.5394881405	1
2453271.187379618	2
2453361.028886334	3
2453450.0232002125	0
2453542.782023993	1
2453636.4327494893	2
2453726.274259501	3
2453815.2677547736	0
2453908.0179534373	1
2454001.669008411	2
2454091.515340272	3
2454180.5051487987	0
2454273.254456772	1
2454366.910568951	2
2454456.7554194396	3
2454545.741864502	0
2454638.499550703	1
2454732.155886003	2
2454822.0026036375	3
2454910.9886320457	0
2455003.7399458876	1
2455097.3879066654	2
2455187.2408256107	3
2455276.230694827	0
2455368.9780607764	1
2455462.631269217	2
2455552.485038124	3
2455641.4727224917	0
2455734.2197912023	1
2455827.8782174126	2
2455917.7291945857	3
2456006.7183468044	0
2456099.464449832	1
2456193.1173430793	2
2456282.9663983285	3
2456371.9596634074	0
2456464.7110774196	1
2456558.3639847278	2
2456648.215974451	3
2456737.206312526	0
2456829.9522454077	1
2456923.6035256684	2
2457013.4604300843	3
2457102.4480182426	0
2457195.1929992624	1
2457288.8476036377	2
2457378.699962434	3
2457467.687628435	0
2457560.4404028985	1
2457654.0980017204	2
2457743.947342002	3
2457832.9365551127	0
2457925.683440796	1
2458019.334585921	2
2458109.1860763836	3
2458198.1774010346	0
2458290.9217338245	1
2458384.5792327602	2
2458474.432454673	3
2458563.4155753255	0
2458656.162671031	1
2458749.826509133	2
2458839.6801608577	3
2458928.6594547834	0
2459021.405332017	1
2459115.0629525366	2
2459204.918290119	3
2459293.9010224985	0
2459386.647334007	1
2459480.3063124735	2
2459570.1661823313	3
2459659.148203656	0
2459751.88461772	1
2459845.544238946	2
2459935.4084835937	3
2460024.391973011	0
2460117.123491332	1
2460210.784717155	2
2460300.644003309	3
2460389.6294461084	0
2460482.3687475636	1
2460576.0303198	2
2460665.8892850145	3
2460754.8760297466	0
2460847.6126820142	1
2460941.2634322867	2
2461031.1271434897	3
2461120.115248958	0
2461212.8503519977	1
2461306.503625445	2
2461396.368220476	3
2461485.350479307	0
2461578.090857841	1
2461671.751194516	2
2461761.612611496	3
2461850.59523488	0
2461943.334725803	1
2462036.9897968736	2
2462126.846989847	3
2462215.834706846	0
2462308.5752044036	1
2462402.2350729387	2
2462492.093129132	3
2462581.0778444987	0
2462673.8134128195	1
2462767.477005995	2
2462857.340022637	3
2462946.320122444	0
2463039.0535690663	1
2463132.718961014	2
2463222.5802516616	3
2463311.5568735367	0
2463404.297757157	1
2463497.9658936304	2
2463587.8305193237	3
2463676.807451215	0
2463769.5424605766	1
2463863.202557074	2
2463953.0736151906	3
2464042.0538230287	0
2464134.7806971883	1
2464228.4441537233	2
2464318.3152852347	3
2464407.2935698354	0
2464500.0230146265	1
2464593.693711933	2
2464683.563115358	3
2464772.5436437335	0
2464865.2723904047	1
2464958.9328705533	2
2465048.8006188064	3
2465137.7849141117	0
2465230.5155968177	1
2465324.1757666194	2
2465414.0470540826	3
2465503.0282293158	0
2465595.7565373583	1
2465689.4182623215	2
2465779.293296798	3
2465868.2722627614	0
2465960.9982256386	1
2466054.659468635	2
2466144.5282060388	3
2466233.5081374724	0
2466326.2405666774	1
2466419.906211945	2
2466509.7728270916	3
2466598.7547478857	0
2466691.4832611196	1
2466785.1434654277	2
2466875.0127540906	3
2466963.9953790363	0
2467056.7193583017	1
2467150.383052209	2
2467240.252850484	3
2467329.2276609326	0
2467421.9572332143	1
2467515.629851099	2
2467605.500893509	3
2467694.472642379	0
2467787.2022136087	1
2467880.8666113717	2
2467970.738643994	3
2468059.7136686384	0
2468152.4402578	1
2468246.1062432053	2
2468335.982765277	3
2468424.9568967656	0
2468517.6768931304	1
2468611.348477672	2
2468701.228168986	3
2468790.20329432	0
2468882.919152346	1
2468976.589010211	2
2469066.463421811	3
2469155.440227937	0
2469248.1625175234	1
2469341.8338513686	2
2469431.7099776883	3
2469520.6866136533	0
2469613.4079367085	1
2469707.0713383514	2
2469796.952979344	3
2469885.930350842	0
2469978.648022349	1
2470072.311566038	2
2470162.193643644	3
2470251.1661966983	0
2470343.888058596	1
2470437.5607815534	2
2470527.4404800236	3
2470616.4140764754	0
2470709.1363853435	1
2470802.8027033806	2
2470892.6787478197	3
2470981.6580437613	0
2471074.378015311	1
2471168.0461903065	2
2471257.9237132254	3
2471346.89910005	0
2471439.616265231	1
2471533.2914861976	2
2471623.1737560066	3
2471712.1450641905	0
2471804.861212769	1
2471898.534052508	2
2471988.4138148404	3
2472077.382898485	0
2472170.1031387188	1
2472263.7776506445	2
2472353.6610609875	3
2472442.6307235775	0
2472535.3468050594	1
2472629.016397931	2
2472718.904994377	3
2472807.8787281825	0
2472900.586400743	1
2472994.2560906126	2
2473084.1425968693	3
2473173.114321582	0
2473265.824756655	1
2473359.5027201045	2
2473449.3877358115	3
2473538.3603477725	0
2473631.073634758	1
2473724.7420842946	2
2473814.6262773196	3
2473903.601859538	0
2473996.3143444243	1
2474089.980429459	2
2474179.867549867	3
2474268.838840944	0
2474361.5498863035	1
2474455.2224766677	2
2474545.1132866424	3
2474634.0830936716	0
2474726.793328735	1
2474820.464376473	2
2474910.3483321453	3
2474999.3188339504	0
2475092.032065067	1
2475185.706638335	2
2475275.5897782766	3
2475364.5615988825	0
2475457.272923874	1
2475550.946625789	2
2475640.83423901	3
2475729.8058058624	0
2475822.511776192	1
2475916.1858144454	2
2476006.073678501	3
2476095.037632495	0
2476187.7476297417	1
2476281.4307164736	2
2476371.3220058717	3
2476460.2844280736	0
2476552.9960998977	1
2476646.6717904205	2
2476736.5647780052	3
2476825.531713998	0
2476918.2374453936	1
2477011.9114628253	2
2477101.807424347	3
2477190.7746818205	0
2477283.474473051	1
2477377.1565794097	2
2477467.0555443275	3
2477556.024540588	0
2477648.7232617256	1
2477742.4016776225	2
2477832.294829871	3
2477921.2650949354	0
2478013.968395601	1
2478107.6448110393	2
2478197.539387504	3
2478286.5097582	0
2478379.213697593	1
2478472.886125778	2
2478562.7857156005	3
2478651.7566630924	0
2478744.45777552	1
2478838.1281557754	2
2478928.0249956762	3
2479016.9912110297	0
2479109.695277285	1
2479203.374727498	2
2479293.2693466125	3
2479382.2358553945	0
2479474.942760848	1
2479568.618785678	2
2479658.5098590283	3
2479747.4804995153	0
2479840.1835367056	1
2479933.858817632	2
2480023.751157376	3
2480112.716447222	0
2480205.4158376874	1
2480299.1009646663	2
2480388.9991894974	3
2480477.959415257	0
2480570.6598682352	1
2480664.34310179	2
2480754.239527949	3
2480843.197940471	0
2480935.8993185055	1
2481029.5814971216	2
2481119.4817739413	3
2481208.441120612	0
2481301.137050318	1
2481394.81859654	2
2481484.7246451187	3
2481573.688605384	0
2481666.3779666885	1
2481760.0583057874	2
2481849.9622733523	3
2481938.9246705566	0
2482031.6145205204	1
2482125.300458548	2
2482215.2044449328	3
2482304.1670181835	0
2482396.862243014	1
2482490.5417830315	2
2482580.446071436	3
2482669.41293196	0
2482762.10689755	1
2482855.7809746945	2
2482945.6873920467	3
2483034.650277477	0
2483127.3407911053	1
2483221.023166937	2
2483310.9332027333	3
2483399.895470816	0
2483492.5883006244	1
2483586.270488213	2
2483676.1733927815	3
2483765.137666675	0
2483857.8318905323	1
2483951.5135439034	2
2484041.4148747926	3
2484130.3804423953	0
2484223.0723790107	1
2484316.755683915	2
2484406.6620209585	3
2484495.627218576	0
2484588.317499761	1
2484682.0004593376	2
2484771.906177039	3
2484860.8633348113	0
2484953.5557523305	1
2485047.2445865907	2
2485137.152706444	3
2485226.107593291	0
2485318.803017886	1
2485412.488322168	2
2485502.3981204284	3
2485591.3582769223	0
2485684.0475472123	1
2485777.729385504	2
2485867.640385049	3
2485956.5992899826	0
2486049.2803666373	1
2486142.9708177727	2
2486232.8852397003	3
2486321.8447088297	0
2486414.5279751034	1
2486508.2170510516	2
2486598.126569634	3
2486687.086360443	0
2486779.772386583	1
2486873.4556791964	2
2486963.366428636	3
2487052.3262807997	0
2487145.0103057986	1
2487238.6925727315	2
2487328.6103338124	3
2487417.5707611446	0
2487510.253085093	1
2487603.934503033	2
2487693.848811089	3
2487782.804984297	0
2487875.4882742977	1
2487969.175387661	2
2488059.087368216	3
2488148.0452596047	0
2488240.7317309775	1
2488334.4180398467	2
2488424.328047681	3
2488513.290353961	0
2488605.9743143776	1
2488699.6584261856	2
2488789.5697915615	3
2488878.526081425	0
2488971.2048995327	1
2489064.897605911	2
2489154.8155326936	3
2489243.76715972	0
2489336.449570671	1
2489430.143111284	2
2489520.0594831556	3
2489609.0109549197	0
2489701.693904216	1
2489795.38276795	2
2489885.3014081274	3
2489974.2555864295	0
2490066.9308458855	1
2490160.6206543855	2
2490250.5454212027	3
2490339.504015227	0
2490432.1766294558	1
2490525.867039398	2
2490615.788020422	3
2490704.7442653687	0
2490797.418454381	1
2490891.1102611665	2
2490981.030544514	3
2491069.9865805353	0
2491162.666030433	1
2491256.3540348504	2
2491346.275247449	3
2491435.2346148756	0
2491527.9144681613	1
2491621.597804089	2
2491711.520258155	3
2491800.4745849236	0
2491893.148566008	1
2491986.839408753	2
2492076.7643163074	3
2492165.716958089	0
2492258.3941041827	1
2492352.088420094	2
2492442.0066730077	3
2492530.9615618843	0
2492623.639910959	1
2492717.3314002934	2
2492807.2485711602	3
2492896.2031993256	0
2492988.8745035836	1
2493082.567672683	2
2493172.4919258943	3
2493261.4449985744	0
2493354.11689701	1
2493447.812155672	2
2493537.736830488	3
2493626.683413663	0
2493719.355873321	1
2493813.0516323987	2
2493902.9782301513	3
2493991.9239317323	0
2494084.5966057456	1
2494178.2902394948	2
2494268.219452622	3
2494357.1721902066	0
2494449.8411334003	1
2494543.532108121	2
2494633.46179605	3
2494722.4130746694	0
2494815.0730064055	1
2494908.769675289	2
2494998.7016888745	3
2495087.653241186	0
2495180.3175500906	1
2495274.0150794955	2
2495363.9432529155	3
2495452.896123945	0
2495545.5651959996	1
2495639.255422774	2
2495729.1844901047	3
2495818.137083106	0
2495910.8009436857	1
2496004.489864145	2
2496094.4255945277	3
2496183.3788017514	0
2496276.0444360157	1
2496369.7367624925	2
2496459.6684770547	3
2496548.618417611	0
2496641.2857435797	1
2496734.980313487	2
2496824.9082537084	3
2496913.8591677966	0
2497006.5275853067	1
2497100.2225281643	2
2497190.150300817	3
2497279.1050834726	0
2497371.773938901	1
2497465.469142956	2
2497555.398390249	3
2497644.345381521	0
2497737.0082703484	1
2497830.709179592	2
2497920.643871783	3
2498009.5864985916	0
2498102.2523185317	1
2498195.956518591	2
2498285.8905853755	3
2498374.8335158466	0
2498467.5002930854	1
2498561.1996386275	2
2498651.135279205	3
2498740.0809846777	0
2498832.7361587435	1
2498926.435037326	2
2499016.377343586	3
2499105.326975349	0
2499197.98035019	1
2499291.682333016	2
2499381.621288993	3
2499470.5685322755	0
2499563.2248224383	1
2499656.924227738	2
2499746.8624174683	3
2499835.809856677	0
2499928.468176959	1
2500022.16241123	2
2500112.102793587	3
2500201.053770009	0
2500293.7142212195	1
2500387.406849029	2
2500477.3477130877	3
2500566.2939815633	0
2500658.9487278103	1
2500752.6455446975	2
2500842.5868719206	3
2500931.532517131	0
2501024.1891583726	1
2501117.890812079	2
2501207.8263376416	3
2501296.774243476	0
2501389.435072598	1
2501483.134648559	2
2501573.0689655095	3
2501662.016151041	0
2501754.6684583444	1
2501848.367620857	2
2501938.309298982	3
2502027.2539144573	0
2502119.9079515804	1
2502213.612692016	2
2502303.554736979	3
2502392.4930192186	0
2502485.149983024	1
2502578.853974185	2
2502668.797647551	3
2502757.7357098362	0
2502850.3892136104	1
2502944.0902301646	2
2503034.036826336	3
2503122.981845145	0
2503215.633395475	1
2503309.33599397	2
2503399.2830264675	3
2503488.2265209677	0
2503580.870810821	1
2503674.576304134	2
2503764.5246763853	3
2503853.4673422943	0
2503946.1142134997	1
2504039.8207730013	2
2504129.766855774	3
2504218.710795593	0
2504311.3649430387	1
2504405.066838882	2
2504495.014315528	3
2504583.957527303	0
2504676.6029631775	1
2504770.3012370854	2
2504860.254384421	3
2504949.1981640384	0
2505041.844396227	1
2505135.5489946613	2
2505225.498766386	3
2505314.440778601	0
2505407.090570552	1
2505500.795824509	2
2505590.741843782	3
2505679.684470058	0
2505772.3317377702	1
2505866.0342544396	2
2505955.9809765946	3
2506044.927310012	0
2506137.5763787366	1
2506231.281560183	2
2506321.2306994507	3
2506410.1693490953	0
2506502.813782771	1
2506596.5215972518	2
2506686.4748795605	3
2506775.4094266254	0
2506868.054122463	1
2506961.763432098	2
2507051.7163189193	3
2507140.652938928	0
2507233.300893491	1
2507327.008202794	2
2507416.961645544	3
